subject,tags,rating,votes,ratings,原名,发售日期,碟片数量,艺术家,价格,作曲,播放时长,厂牌,编曲,作词,版本特性,录音,别名,发行商,中文名,插图,制作人,商品编号,介质,英文名,Conductor,编号,Piano,Keyboard,Drums,Band,Choir,Orchestra,Arrangement,Sound Director,官方网站,原作,ASIN,发布,制作,条型码,品番
163164,松本文纪 OST サクラノ詩 galgame 神曲 樱之诗 钢琴 2015 文艺 ACG サウンドトラックCD 松本文紀 ざくざくと散る錆びた夢 ピクセルビー 枕 平庸 松本 懂的都懂，yyds 厉害了 O.S.T. VGM cd GAME 试试 ADV AVG うさ 游戏 2015年,9.378,558,"['358', '108', '61', '20', '6', '2', '1', '0', '1', '1']",サクラノ詩 サウンドトラックCD,2015-12-27,2,うさ,"￥2,500",松本文紀(szak) / ピクセルビー,,枕,,,,,,,,,,,,,,,,,,,,,,,,,,,,,
238923,OST 光田康典 Xenoblade 平松健治 游戏音乐 2018年 ACE 2018 Xeno Xenoblade2 II 清田愛未 清田爱未 RPG XB2的 真 发现 OST就是 满分 神作 游戏 GAME 青田爱未 打了把XB1DE50多 小时,9.365,255,"['153', '59', '32', '7', '2', '2', '0', '0', '0', '0']",Xenoblade2 Original Soundtrack,2018-05-23,5,Jen Bird、アヌーナ,"￥ 4,860",光田康典、ACE(工藤ともり、CHiCO)、平松建治、清田愛未,327 分,SLEIGH BELLS,光田康典、Mariam Abounnasr、ACE(工藤ともり、CHiCO)、平松建治、清田愛未、吉村隆行,高橋哲哉,Soundtrack,,Xenoblade Chronicles 2 Original Soundtrack,,异度神剑2 游戏原声集,,,,,,,,,,,,,,,,,,,,,,
18305,菅野洋子 OST 星际牛仔 菅野よう子 cowboybebop 1998 Cowboy anime 动漫原声带 日本 カウボーイビバップ steve_conte 爵士 动画 シートベルツ 流行 神配乐 1998年 无愧世界第一 补 渡边信一郎 摇滚 经典 VICTOR 神曲 OP jazz,9.269,435,"['249', '107', '55', '17', '1', '0', '2', '1', '0', '3']",COWBOY BEBOP SOUNDTRACK 1,1998-05-21,1,シートベルツ、Steve Conte,"￥ 3,045",菅野よう子,53 m,ビクターエンタテインメント,菅野よう子,Tim Jensen,Soundtrack,ビクターエンタテインメント,,,,,,,,,,,,,,,,,,,,,,,,,
205970,Narcissu OST galgame 水仙 水仙十周年 水月陵 nekoneko系 菊地創 Ebi 2016 治愈 上松範康 REM 2016年 Elements　Garden ゲーム GAME cd 藤間仁 AVG,9.317,189,"['101', '56', '26', '3', '3', '0', '0', '0', '0', '0']",narcissu ORIGINAL SOUND TRACKS,2016-12-29(C91)(CD)、2017-05-01(Digital),2,真里歌 / KAKO / 彩羅 / 瑞田茉莉 / REM / eufonius,1836 JPY(CD)、¥ 36(Digital),上松範康 / 丸山公詳 / sin / Ebi / 僧天 / 諸田英慈 / onoken / 水月陵 / 石橋弘史 / maru(丸山公詳) / 藤間仁 / 矢野雅士 / sentive / 443 / MASA(Dreaming Rabbit) / 菊地創,130m(CD)、145m(Digital),ステージ☆なな,上松範康 / 丸山公詳 / sin / ebi / 僧天 / 諸田英慈 / onoken / 水月陵 / 石橋弘史 / maru(丸山公詳) / 藤間仁 / 矢野雅士 / sentive / 443 / MASA(Dreaming Rabbit) / 菊地創,kaoru / Takashi / 三澤秋 / 海富一 / Lira / 片岡とも / riya,,,Narcissu 10th Anniversary Soundtrack,,,,,,CD、Digital,,,,,,,,,,,,,,,,,,
616,CLANNAD key 麻枝准 OST 折户伸治 治愈 我眼里怎么突然进沙子了 神曲 BGM 2004 音乐 riya クラナド 戸越まごめ galgame 日本 折戸伸治 游戏 Lia 童年记忆 eufonius 原声集 2004年 动画 GAME 催泪 有几个非常不错 2004-08 CALNNAD 潮鳴り,9.153,1487,"['715', '454', '222', '63', '16', '11', '0', '0', '0', '6']",CLANNAD Original SoundTrack,2004.08.13,3,Lia / riya,"￥3,800＋税",戸越まごめ / 麻枝准 / 折戸伸治 / eufonius,72:27+65:45+69:00,Key Sounds Label,戸越まごめ / 菊地創,riya / 魁 / 萩原ゆう / 麻枝准,,,,,,,,KSLA-0012～0014,,,,,,,,,,,,,,,,,,,
18311,菅野よう子 OST 星际牛仔 菅野洋子 jazz 2002 カウボーイビバップ anime O.S.T. live cowboybebop Pierre_Bensusan シートベルツ Tulivu-Donna_Cumberbatch ，星际牛仔 _Coupeau 补 大冢宗一郎 Sydney_Thiam Valentin Collection VOCAL cd 山根麻以 日本 动画 ， steve_conte new-age,9.266,192,"['111', '50', '19', '7', '2', '0', '1', '0', '0', '2']",COWBOY BEBOP CD BOX,2002-06-21,5,シートベルツ、山根麻衣(山根麻以)、Valentin Coupeau、Gabriela Robin(菅野よう子)、Sydney Thiam、Tulivu-Donna Cumberbatch、Pierre Bensusan、Steve Conte、大冢宗一郎、多田葵、Emily Bindiger、Raj Ramayya、江原正士,"￥ 10,290",菅野よう子,231 m,ビクターエンタテインメント,菅野よう子,Tim Jensen、Valentin Coupeau、Gabriela Robin(菅野よう子)、Sydney Thiam、Cris Mosdell、Pierre Bensusan、Brian Richy、ナベシン&ヨーコ(渡辺信一郎、菅野よう子),"Original Soundtrack, Vocal, Drama",ビクターエンタテインメント,,,星际牛仔CDBOX,,,,,,,,,,,,,,,,,,,,,,
4224,高达 30年业界良心 OST UC系列 近代日本音乐发展史 2010 平成高达 田中理惠 桑岛法子 中岛美嘉 OP ED GUNDAM SEED之后档次提升好多 林原惠 VOCAL 石川智晶 Vicctor.Entertainment Seed之后只是录音技术提升了吧 2010年 无 145 Artists 我喜欢的作品 补 主题歌集 ROBO songs 精选 合集,9.247,198,"['92', '71', '28', '6', '1', '0', '0', '0', '0', '0']",GUNDAM SONGS 145,2010-02-24,10,西川貴教、玉置成実、CHEMISTRY、田中理恵、TWO-MIX、石川智晶、ROMANTIC MODE、林原めぐみ、立木文彦、中島美嘉、See-Saw、UVERworld、桑島法子、恒松あゆみ、ステレオポニー、柿島伸次、奥井亜紀,30000円,,634分钟,,,,Limited Edition,,GUNDAM 30th ANNIVERSARY BOX GUNDAM SONGS 145,Vicctor Entertainment =music=,高达30周年纪念 145曲全集结,,,,,,,,,,,,,,,,,,,,,,
27985,久石让 OST 宫崎骏动画 音乐会 久石譲 live 现场演出 日本 2009 动漫游戏原声 藤澤麻衣 平原綾香 anime 大橋のぞみ 吉卜力 Concert 补 2009年 宫崎骏 藤岡藤巻 林正子 我眼里怎么突然进沙子了 SYMPHONY,9.248,202,"['114', '47', '27', '9', '1', '4', '0', '0', '0', '0']",久石譲 in 武道館 ~宮崎アニメと共に歩んだ25年間~,2009-07-03,2,久石譲、新日本フィル・ワールド・ドリーム・オーケストラ、栗友会合唱団、東京少年少女合唱隊、林正子、平原綾香、藤澤麻衣、藤岡藤巻、大橋のぞみ,"￥ 4,935",久石譲,115 m,,久石譲、宮野幸子、山下康介、長生淳,宮崎駿,Color / Dolby / Widescreen,ウォルトディズニースタジオホームエンターテイメント,,ウォルトディズニースタジオホームエンターテイメント,久石让在武道馆~与宫崎骏动画一同走过的25年~,,,,DVD,,,,,,,,,,,,,,,,,4959241981301,
209615,OST MONACA 岡部啓一 尼尔 2017 买音乐送游戏 nier 帆足圭吾 游戏 神配乐 尼尔机械纪元 GAME ACG Nier&DOD 神曲 2017年 我喜欢的作品 2017年3月 NieR:Automata 古典味 厉害了 SquareEnixMusic 横尾太郎 爵音 无话可说 音乐专辑 游戏原声 原声 VGM cd,9.149,497,"['198', '196', '85', '15', '3', '0', '0', '0', '0', '0']",NieR:Automata Original Soundtrack,2017-03-29,3,Emi Evans / J'Nique Nicole / 河野マリナ(河野万里奈) / YoRHa,"￥3,456",岡部啓一 / 帆足圭吾 / 高橋邦幸 / 石濱翔,214 m,Square Enix Music,岡部啓一 / 帆足圭吾 / 高橋邦幸,J'Nique Nicole / 横尾太郎(ヨコオタロウ),,Sound City Studio / MONACA STUDIO,,,,,,,,,,,,,,,,,,,,,,,,,
43259,OST 雑音工房NOISE 腐姬 galgame liar-soft 2002 椎名治美 liar 杂音工房noise GAL 2002年 SOFT 九十九百太郎 長崎繁 Taz AVG VGM 游戏 ゲーム,9.206,204,"['94', '70', '29', '10', '1', '0', '0', '0', '0', '0']",腐り姫～euthanasia～ゲームディスク,2002,1,,,雑音工房NOISE,60min,,,,,,腐り姫～euthanasia～ OST,,腐姬 原声音乐,,,,,,,,,,,,,,,,,,,,,,
118788,OST 增田俊郎 蟲師 増田俊郎 虫师 2015 2015年 Ally_Kerr 冷饭 补 治愈,9.265,147,"['81', '43', '17', '3', '1', '0', '0', '0', '0', '2']",蟲音 全,2015-01-28,2,Ally Kerr,"￥ 3,456",増田俊郎、Ally Kerr,,ソニー・ミュージックエンタテインメント、マーベラス,増田俊郎、Ally Kerr,Ally Kerr,,株式会社マーベラス,「蟲師」オリジナルサウンドトラック,株式会社マーベラス,,,,,,,,,,,,,,,,,,,,,,,
4974,OST 尼尔 MONACA nier 神配乐 游戏 岡部啓一 2010 GAME DOD系列 RPG Nier&DOD 2010年 Emi_Evans 原声 龙背上骑兵外传 PS3,9.213,174,"['79', '65', '22', '6', '0', '2', '0', '0', '0', '0']",NieR Gestalt & Replicant Original Soundtrack,2010-04-21,2,Emi Evans、中川奈美,"￥ 2,800",岡部啓一、石濱翔、帆足圭吾、西村隆文,2:30:05,スクウェア・エニックス、ソニー・ミュージックディストリビューション,岡部啓一、石濱翔、帆足圭吾、西村隆文、高田龍一,Emi Evans,,SMD,ニーアゲシュタルト&レプリカント オリジナル・サウンドトラック,,尼尔 完全形态&伪装者 OST,,,,,,,,,,,,,,,,,,,,,,
8063,OST 素晴らしき日々 松本文紀 galgame 夜の向日葵 ryo 美好的每一天 2010 ケロQ szak 松本文纪 游戏 2010年 VGM O.S.T. 小さな旋律 ピクセルビー 神曲 うさ 游戏原声集 空力诗 夏の大三角 松本文紀　ピクセルビー HB_STUDIO 治愈 AVG ADV cd GAME 2010-05,9.077,545,"['225', '188', '99', '25', '5', '1', '0', '0', '1', '1']",素晴らしき日々 サウンドトラックCD,2010年05月03日,2,うさ、ピクセルビー,"2,500円",ryo、松本文紀,,,,,,,,,,,,,,,,,,,,,,,,,,,,,,,
254889,OST 麻枝准 水月陵 key 折户伸治 galgame 竹下智博 催泪 2018 どんまる 夜は短く、空は遠くて key社 折戸伸治 Pockets 已入 YURiKA rionos 2018-09 岩井映美里 Summer_Pockets 2018年 summer 游戏 ADV VGM KSL 水谷瑠奈 鈴木このみ AVG ゲーム,9.108,323,"['147', '99', '57', '11', '6', '2', '0', '0', '1', '0']",Summer Pockets Original SoundTrack,2018.09.26,3,岩井映美里、YURiKA、水谷瑠奈、鈴木このみ、rionos,"￥3,500＋税",折戸伸治、麻枝准、どんまる、竹下智博、水月陵,60:44+68:59+57:16,Key Sounds Label,折戸伸治、どんまる、竹下智博、水月陵、柳川和樹、bermei.inazawa、しょうゆ、中山真斗、塚越雄一朗,魁、新島夕、麻枝准、ハサマ,,,,,,,,KSLA-0149～151（PC流通版） / KSLM-0149～151（音楽流通版）,,,,,,,,,,,,,,,,,,,
1716,增田俊郎 OST 虫师 蟲師 治愈 和风 静心 2006 増田俊郎 日本 银古叔 音 最接近自然地 银古 Ally_Kerr anime ☆ACG ★J-POP 平静 补 AllyKerr アニメ 动画 清新 原声 动漫原声带 2006年,9.068,530,"['212', '197', '91', '22', '3', '2', '0', '0', '0', '3']",蟲音 後,2006年6月23日,1,Ally Kerr,,増田俊郎、Ally Kerr,48 分,マーベラス、ジェネオンエンタテインメント,増田俊郎、Ally Kerr,Ally Kerr,,マーベラス,蟲師 オリジナル・サウンドトラック 第二弾,,,,,,,,,,,,,,,,,,,,,ジェネオン エンタテインメント(株),マーベラスエンターテイメント(株),,
1715,虫师 增田俊郎 OST 治愈 蟲師 清新 和风 静心 赞 増田俊郎 2006 银古 日本 银古叔 anime Ally_Kerr 2006年 平静 治愈； ☆ACG ★J-POP 十星 补 AllyKerr 蟲師； 删除 纯音乐 原声 动画 アニメ,9.048,631,"['248', '245', '97', '26', '8', '2', '1', '0', '0', '4']",蟲音 前,2006年3月24日,1,Ally Kerr,"￥ 7,245",増田俊郎、Ally Kerr,50 分,マーベラス、ジェネオンエンタテインメント,増田俊郎、Ally Kerr,Ally Kerr,,マーベラス,蟲師 オリジナル・サウンドトラック,,,,,,,,,,,,,,,,,,,,,,,,
33842,岩崎琢 OST 浪客剑心追忆篇 1999 浪客剑心 anime 日本 るろうに剣心-明治剣客浪漫譚- 动画 1999年 补 动漫史上契合度最高BGM 2011-,9.151,186,"['97', '51', '27', '6', '2', '0', '0', '0', '0', '3']",るろうに剣心 : 明治剣客浪漫譚 追憶編 ― オリジナル・サウンドトラック,1999-03-20,1,,"￥ 3,059",岩崎琢,55 m,SME・ビジュアルワークス,,,Soundtrack,SME・ビジュアルワークス,,,,,,,,,,,,,,,,,,,,,,,,,
36140,OST 深澤秀行 魔法使いの夜 galgame supercell Type-Moon ryo 2012 深泽秀行 名曲改编 好棒 魔法使之夜 奇幻 石川敏 永田大祐 芳賀敬太 GAL 游戏 O.S.T. VGM 120509 爵音 游戏原声 nagi ADV KATE 2012年 松本文纪 ゲーム,9.066,363,"['130', '150', '62', '19', '2', '0', '0', '0', '0', '0']",魔法使いの夜 オリジナルサウンドトラック,2012-05-09,3,supercell / 今野均ストリングス,"￥ 3,500",深澤秀行、KATE(芳賀敬太)、James Harris(永田大祐)、hil(石川敏)、ryo,180 分,Aniplex,深澤秀行、ryo,ryo,,Aniplex,WITCH ON THE HOLY NIGHT ORIGINAL SOUNDTRACK,,,,,,,,,,,,,,,,,,,,,,,,
23,SoundHorizon Elysion～楽園幻想物語組曲～ 神作 A姐 哥特风 暗黑 SH最高作！ SH REVO神 乐园 中世纪欧洲 A娘淚目 revo 2005 Aramary  horizon sound 同人 JIMANG Sound_Horizon 物语音乐 专辑 5个萝莉和1个大叔 A娘 Sound.Horizon Elysion 同人音樂 在爱我的和我爱的人中选择　　我会选择我爱的人　　在你笑为情自 同人音乐,9.013,1212,"['503', '380', '224', '72', '24', '5', '1', '1', '0', '2']",Elysion～楽園幻想物語組曲～,2005-04-13,1,Sound Horizon、Aramary、Jimang,,,,,,,专辑,,,ベルウッドレコード,,Yokoyan,Revo,,,,,,,,,,,,,,,,,,,,
11781,梶浦由記 空之境界 OST 空の境界 kalafina 空灵 神曲 2011 梶浦由记 治愈 动漫电影原声带 M18 ACG 耐听型 重编曲 anime 动画 伪中庸 动画原声 M01 开眼 音乐总集 2011年 Collection Type-Moon 动漫原声带 剧场版 燃 アニメ in_the_garden_of_sinners,9.016,739,"['258', '291', '145', '38', '5', '1', '0', '1', '0', '0']",the Garden of sinners-劇場版「空の境界」音楽集-,2011-03-02,2,Kalafina,"￥ 3,675",梶浦由記,2:15:27,,,,,,"the Garden of sinners -Movie ""Kara no Kyoukai"" Music Collection-",,空之境界剧场版音乐集,,,,,,,,,,,,,,,,,,,,,,
925,菅野洋子 OST cowboybebop 菅野よう子 星际牛仔 blue 1999 Cowboy anime カウボーイビバップ 多田葵 Bebop シートベルツ Tulivu-Donna_Cumberbatch SYDNEY 1999年 ★J-POP ☆ACG 补 ★JPOP Emily_Bindiger VICTOR 山根麻以 日本 动画 jazz 动漫原声带 艺人专辑 2002 steve_conte,9.064,329,"['154', '95', '56', '10', '9', '1', '2', '0', '0', '2']",COWBOY BEBOP SOUNDTRACK 3 - BLUE,1999-05-01,1,シートベルツ、山根麻衣(山根麻以)、Steve Conte、Tulivu-Donna Cumberbatch、SYDNEY with sister R、Emily Bindiger、多田葵,"￥ 3,045",菅野よう子,71 m,ビクターエンタテインメント,菅野よう子,Tim Jensen、Gabriela Robin(菅野よう子)、Brian Richy、Jerzy Knetig、種ともこ,Soundtrack,ビクターエンタテインメント,,,星际牛仔原声集3 - BLUE,,,,,,,,,,,,,,,,,,,,,,
237468,rance10 OST galgame DJ_C++ PKタートルズ 水夏える 2018 VGM Rance,9.404,57,"['31', '19', '6', '1', '0', '0', '0', '0', '0', '0']",アリスサウンドアルバムVol.31 ランス10,2018年2月23日,3,,,水夏える、PKタートルズ、DJ C++,149m,ALICESOFT,,,,,,,,,,,,,,,,,,,,,,,,,,,,,
4115,AIR key 鸟之诗 Lia 国歌 麻枝准 ACG 神曲 OP 治愈 2006 魔王 ED 动漫主题曲 anime IN OP_ED 我眼里怎么突然进沙子了 2006年 单曲 Special “鳥の詩／Farewell レコード 京都アニメーション LP アナログコレクターズエディション 求一个 推荐 童年 戸越まごめ,8.967,479,"['166', '181', '96', '29', '4', '2', '0', '0', '0', '1']","AIR アナログコレクターズエディション ""鳥の詩／Farewell song""",2006.05.03,1,Lia,"￥2,857＋税",,32:43,Key Sounds Label,,,,,,,,,,KSLA-0022,,,,,,,,,,,,,,,,,,,
15168,OST 治愈 ARIA 笹子重治 牧野由依 anime ACG 2005 河井英里 夜曲 水星领航员 日本 Choro_Club Hi-Res 2005年,9.077,142,"['57', '47', '31', '6', '1', '0', '0', '0', '0', '0']",ARIA The ANIMATION オリジナルサウンドトラック,2005-11-23,1,,"￥3,045",沢田穣治、窪田ミナ、妹尾武、笹子重治、秋岡欧、北川勝利,65分,フライングドッグ,Choro Club、窪田ミナ、沢田穣治、妹尾武、ROUND TABLE、桜井康史,河井英里、北川勝利,Original Soundtrack,flying DOG,ARIA The ANIMATION オリジナルサウンドトラック,,水星领航员 原声集,,,,,,,,,,,,,,,,,,B002AD9UEW,,,,
18304,OST 菅野よう子 菅野洋子 星际牛仔 cowboybebop 1998 anime カウボーイビバップ 动漫原声带 日本 シートベルツ Tulivu-Donna_Cumberbatch Pierre_Bensusan DJ_FOOD 1998年 艺人专辑 补 动画 山根麻以 jazz 古川昌義 Carla_Vallet 2002 遠藤正明,9.027,183,"['78', '61', '26', '15', '0', '1', '1', '0', '0', '1']",COWBOY BEBOP SOUNDTRACK 2 - No Disc,1998-10-21,1,シートベルツ、Carla Vallet、山根麻衣(山根麻以)、遠藤正明、Gabriela Robin(菅野よう子)、Pierre Bensusan、古川昌義、Tulivu-Donna Cumberbatch,"￥ 3,045",菅野よう子,53 m,,菅野よう子、DJ FOOD,Carla Vallet、Tim Jensen、Gabriela Robin(菅野よう子)、Brian Richy、Cris Mosdell,Soundtrack,ビクターエンタテインメント,,,星际牛仔原声集2 - No Disc,,,,,,,,,,,,,,,,,,,,,,
2085,冈崎律子 交响乐之雨 岡崎律子 治愈 SR 献给冈崎律子 2004年 专辑 RITZ 印象曲集 galgame フルーツバスケット 治癒 Collection 合集 GAME JPOP j-pop 2004 For 艺人专辑,9.058,154,"['65', '48', '29', '10', '1', '1', '0', '0', '0', '0']",for RITZ,2004年12月29日,1,岡崎律子,￥3000,,50 分,キングレコード,長谷川智樹、磯江俊道、鳥山雄司、岡崎律子、十川ともじ、光宗信吉、村山達哉、西脇辰弥,岡崎律子,"Arrangement, Vocal",キングレコード,,,,,,,,,,,,,,,,,,,,,,,,,
8610,灌篮高手 ZARD SLAMDUNK 大黑摩季 精选集 2003 WANDS ED J-rock MANISH OP OPED BAAD 动漫主题曲集 ZYYG anime 童年 集合 大黒摩季 主题歌集 アニメ OST 动画 神曲 补 2003年 动画歌曲 过期食品 直到世界尽头 一心二用,8.976,253,"['76', '114', '48', '12', '2', '1', '0', '0', '0', '0']",THE BEST OF TV ANIMATION SLAM DUNK~Single Collection~,2003-07-21,1,BAAD、大黒摩季、WANDS、MANISH、ZYYG、ZARD,"￥ 3,200",多々納好夫、大黒摩季、織田哲郎、川島だりあ、大田紳一郎,30 m,B-Gram RECORDS,明石昌夫、葉山たけし、ZYYG、大田紳一郎,山田恭二、大黒摩季、上杉昇、高橋美鈴、川島だりあ、高山征輝、坂井泉水,专辑,株式会社ビーグラム,男兒當入樽 精選音樂專輯,株式会社ビーグラム,灌篮高手 最佳单曲辑,,,,,,,,,,,,,,,,,,,,,,
8478,Vocaloid 初音ミク 感謝祭 高清拯救人生 miku 初音，3·9感谢祭 miku赛高 miku不會消失 live 2010 高科技 3D满足特殊人群 初音 初音未来感谢祭 39 3·9感谢祭 初音未来 神作 v家 キャラクター G 专辑 葱娘最高 2010年3月 欢快 行 ★Vocaloid ク SEGA广告 走起,8.898,826,"['292', '252', '214', '47', '17', '3', '1', '0', '0', '0']",ミクの日感謝祭 39's Giving Day Project DIVA presents 初音ミク・ソロコンサート~こんばんは、初音ミクです。~,2010-09-01,2,,"￥3,150",,115 分,5pb.,,,"CD-ROM, Live",5pb.Records,,5pb.Records,初音未来39感谢祭,,,,,,,,,,,,,,,,,,,,,,
18306,OST 菅野洋子 菅野よう子 星际牛仔 cowboybebop TheRealFolkBlues 1998 ED anime カウボーイビバップ 1998年 岩里祐穂 补 Carla_Vallet シートベルツ 浪漫 jazz OP 动画 日本 挿入歌 动漫原声带 山根麻以 VICTOR,9.125,104,"['54', '27', '12', '9', '1', '0', '0', '0', '0', '1']",COWBOY BEBOP VITAMINLESS,1998-06-03,1,シートベルツ、山根麻衣(山根麻以)、Gabriela Robin(菅野よう子)、Carla Vallet,"￥ 1,785",菅野よう子,29 m,ビクターエンタテインメント,菅野よう子,岩里祐穂、Gabriela Robin(菅野よう子)、Carla Vallet,Soundtrack,ビクターエンタテインメント,,,,,,,,,,,,,,,,,,,,,,,,,
4114,AIR 麻枝准 key OST 折戸伸治 Lia 戸越まごめ 治愈 神作 国歌 夏影 2002 ACG galgame 动漫音乐 NewType anime 京阿尼 アニメ 日本 GAME KSL 折户伸治 动漫游戏原声 平静 2002年 高瀬一矢 已经购入 2016 已整理,8.902,676,"['213', '251', '160', '40', '9', '3', '0', '0', '0', '0']",AIR Original SoundTrack,2002.09.27 (C62),2,Lia,"￥3,000＋税",麻枝准 / 折戸伸治 / 戸越まごめ,73:48+34:30,Key Sounds Label,麻枝准 / 折戸伸治 / 戸越まごめ / 高瀬一矢,麻枝准,,,,,,,,KSLA-0004～0005,,,,,,,,,,,,,,,,,,,
21098,key OST 麻枝准 水月陵 Rewrite 折户伸治 井内舞子 细井聪司 galgame 治愈 多田葵 細井聡司 恋文 KSL 2011 折戸伸治 2011年 ゲーム 神曲 Honesty やなぎなぎ nagi 游戏 三輪学 Tr₇Sr₊ iTunes购入 I 哲学z，Rewrite，瑚太朗，救济，篝火，地月 KSLA ORIGINAL,8.938,370,"['131', '118', '96', '18', '6', '1', '0', '0', '0', '0']",Rewrite Original SoundTrack,2011.08.12 (C80),3,多田葵、水谷瑠奈、サイキックラバー、やなぎなぎ,"￥3,800＋税",水月陵、細井聡司、麻枝准、折戸伸治、井内舞子,67:57+70:31+67:34,Key Sounds Label,ANANT-GARDE EYES,,,,,,,,,KSLA-0073～75,,,,,,,,,,,,,,,,,,,
4150,菅野よう子 GUNDAM 高达 菅野洋子 奥井亜紀 ED ∀ガンダム anime 2000 月之茧 single 奥井亚纪 8cm Song 2000年 OP_ED ROBO キングレコード 1999 动漫主题曲 VOCAL OPED アニメ TV 幼女控赛高 機動戦士ガンダム 30年业界良心,8.990,203,"['74', '76', '40', '8', '4', '0', '0', '0', '0', '1']",月の繭,2000-02-04,1,奥井亜紀,"￥1,020",菅野よう子,19 分,STAR CHILD,菅野よう子,井萩麟(富野由悠季),Maxi,,,STAR CHILD,月之茧,,,,,,,,,,,,,,,,,,,,,,
14636,OST Narcissu 水仙 galgame 水月陵 ElementsGarden eufonius 游戏 2007 O.S.T. 上松範康 游戏原声 riya ゲーム Ebi Masa SENTIVE 2017-05 Barbarian_On_The_Groove nekoneko系 僧天 AVG onoken 菊地創 MUSIC 藤間仁 GAL 2007年,8.975,240,"['74', '108', '42', '15', '0', '0', '0', '0', '0', '1']",narcissu SIDE 2nd Soundtrack,2007年05月25日,,,,Dreaming Rabbit,,,,,,,,,水仙2 原声集,,,,,,,,,,,,,,,,,,,,,,
213217,OST 加藤達也 山田タマル 2017 青い記憶 柯教兴国 暖心 すかすか 末鱼 anime 2017年 原声集 音乐专辑 凯尔特风 Q-MHz 「✔」 h-wonder 南田健吾 一心二用 斯卡布罗集市 末日时在做什么？有没有空？能不能来拯救？ 珂朵莉 过期食品 泪水与幸福 終末なにしてますか？忙しいですか？救ってもらっていいですか？ 10分 治愈 动画 cd TV,8.925,348,"['112', '129', '84', '18', '3', '1', '1', '0', '0', '0']",青い記憶,2017-07-12,2,田所あずさ / TRUE(唐沢美帆) / 山田タマル,"￥3,564",加藤達也 / Q-MHz / 南田健吾 / h-wonder / 山田タマル,131 分,ランティス,加藤達也 / 鈴木めぐみ / 山崎亨 / 増田武史 / 南田健吾 / h-wonder / 山下洋介,Q-MHz / 唐沢美帆(TRUE) / 山田タマル,,音響ハウス,TVアニメ『終末なにしてますか?忙しいですか?救ってもらっていいですか?』オリジナルサウンドトラック,,,,,,,,,,,,,,,,,,,,,,,,
2748,数码宝贝 燃 神曲 童年 和田光司 无限大的梦想 OP 数码暴龙第一部 数码暴龙 清唱版最高 anime 1999 我爱阿和x太一 无限大 动画 アニメ single DIGIMON 低级萌 日本 Butter-Fly DM 小山晃平 千綿偉功 童年的 ) nia~ DA ° 8cm,8.881,961,"['327', '347', '186', '74', '17', '5', '0', '2', '0', '3']",Butter-Fly,1999-04-23,1,和田光司,"￥1,050",千綿偉功、小山晃平,17:12,インターチャネル,渡部チェル,千綿偉功、小山晃平,"Single, Maxi",インターチャネル,,,,,,,,,,,,,,,,,,,,,,,,,
47166,OST ARIA 治愈 笹子重治 2009 anime Hi-Res ACG 水星领航员 Choro_Club 牧野由依 OPED插入歌 2009年,9.116,95,"['36', '36', '21', '2', '0', '0', '0', '0', '0', '0']",ARIA The NATURAL オリジナルサウンドトラック due,2006-05-24,1,フライングドッグ,2900 JPY,笹子重治、秋岡欧、窪田ミナ、妹尾武、PAXQUE、沢田穣治、北川勝利,61 m,,Choro Club、妹尾武、沢田穣治、笹子重治、ROUND TABLE、桜井康史、窪田ミナ,河井英里、北川勝利,Original Soundtrack,flying DOG,ARIA The NATURAL ORIGINAL SOUNDTRACK due,,水星领航员第二季 原声集,,,,,,,,,,,,,,,,,,,,,,
15814,我们仍未知道那天所见的花的名字 あの花 治愈 神曲 催泪神曲 茅野愛衣 戸松遥 原唱神曲10年后翻唱更高 早見沙織 ED 10年 ZONE 2011 TTVTT又虐又治愈 秘密基地 神曲不解释 迷之感动 anime 催泪 那朵花 single アニメ 动画 secret OP ACG 早见沙织 茅野爱衣 あの日見た花の名前を僕達はまだ知らない base,8.854,2015,"['725', '606', '471', '147', '45', '9', '3', '2', '0', '7']",secret base ～君がくれたもの～,2011-04-27,1,戸松遥、早見沙織、茅野愛衣,"￥ 1,260",町田紀彦,21 分,Aniplex,阿部尚徳、古川本舗,町田紀彦,"Single, Maxi",Aniplex,,,secret base ～你所赠予之物～,,,,,,,,,,,,,,,,,,,,,,
3036,Lamento OST N+C いとうかなこ zizz nitro+chiral Nitro+ 民族风 游戏原声带 吟游诗人 哼唱美 ワタナベカズヒロ 2006 游戏音乐 游戏 GAME PC 中庸 2006年 江幡育子 ZIZZ_STUDIO 补 泉邦宏 大山曜 Nitro加CHiRAL 磯江俊道 GAL OP ACG 游戏原声,8.927,262,"['82', '99', '64', '14', '3', '0', '0', '0', '0', '0']",Lamento O.S.T. -The World Devoid Of Emotion-,2006-11-24,2,ZIZZ STUDIO、ワタナベカズヒロ、いとうかなこ,3500円,,,,,,,,,"Nitro+CHiRAL, DIGITURBO, HOBiRECORDS",,,,,,,,,,,,,,,,,,Nitro+CHiRAL,,,,,
20,SoundHorizon 神作 Chronicle2nd Aramary REVO神 revo SH 恨不能打更高分 SH最高作 2004 Sound_Horizon 同人音乐 ~~ 同人 霜月はるか 史诗 Sound.Horizon 伪中庸 2004年3月 物语音乐 叙事史诗组曲 物語音楽 あらまり 040319 Sound·Horizon 中世纪 Renew 物语 Chronicle JIMANG,8.878,433,"['166', '125', '90', '34', '13', '3', '2', '0', '0', '0']",Chronicle 2nd,2004-03-19,1,Sound Horizon、Aramary、Jimang,,Revo,71 min,,,,专辑,,,,,Yokoyan,,,,,,,,,,,,,,,,,,,,,
15008,OST ARIA 治愈 钢琴 窪田ミナ 笹子重治 anime Hi-Res 妹尾武 2006 Image_Song 印象曲 水星领航员 2006年,9.110,82,"['39', '20', '18', '4', '0', '1', '0', '0', '0', '0']",ARIA ～ピアノ・コレクション～ スタジオーネ －季節－,2006-8-2,1,窪田ミナ、妹尾武,"￥ 2,100",笹子重治,36分,フライングドッグ,,,Soundtrack,flying DOG,,,,,,,,,,,,,,,,,,,,,,,,,
1802,岡崎律子 交响乐之雨 OST 冈崎律子 galgame 治愈 游戏原声带 2004 ボーカルアルバム「RAINBOW」 2004年 原声 游戏 シンフォニックレイン Main_Theme 合集 GAL 笠原弘子,8.926,203,"['62', '85', '44', '9', '1', '1', '0', '0', '0', '1']",シンフォニックレイン ボーカルアルバム「RAINBOW」,2004/5/26,1,折笠富美子、浅野真澄、中原麻衣、笠原弘子,"￥ 3,000",安部潤、岡崎律子,44 分,キングレコード,十川ともじ、西脇辰弥、磯江俊道、長谷川智樹、光宗信吉,岡崎律子,Soundtrack,キングレコード,交响乐之雨 声乐集「RAINBOW」,,,,,,,,,,,,,,,,,,,,,,,,
32707,OST ARIA 治愈 牧野由依 2009 笹子重治 广桥凉 anime Hi-Res ACG Collection 陪伴我度过大一 补 2009年 插入曲 印象曲 ED 插入歌 斋藤千和 水星领航员 公主,9.210,62,"['30', '17', '13', '2', '0', '0', '0', '0', '0', '0']",ARIA The NATURAL ボーカルソング・コレクション,2009-07-22,,TVサントラ、笹子重治,"￥ 3,045",Choro Club,51 m,,,,,flying DOG,,flying DOG,水星领航员第二季音乐精选集,,,,,,,,,,,,,,,,,,,,,,
19047,光宗信吉 OST 少女革命 杉并儿童合唱团 少女革命ウテナ 2008 J.A.SEAZER 东京混声合唱团 草尾毅 动漫ost anime KINGRECORDS.CO. LTD(K)(M) 音乐总集 2008年 アニメ OP ED,9.049,103,"['39', '36', '22', '6', '0', '0', '0', '0', '0', '0']",少女革命ウテナ コンプリートCD-BOX,2008年08月27日,10,奥井雅美、裕未瑠華、杉並児童合唱団、Maki Kamiya、幾原邦彦、光宗信吉、東京混声合唱団、田中耕作、大月俊倫、Shingo Kaneko、演劇実験室万有引力、NHK東京放送児童合唱団、Hideto Amari、ロイヤルナイツ、Roko Kinjou、子安武人、三石琴乃、久川綾、草尾毅、渕崎ゆり子、小杉十郎太、川上とも子、こおろぎさとみ、さいとうちほ、本多知恵子、佐々木望、KaNNa、村石有香、藤陵雅裕、高尾直樹,12600円(税込),光宗信吉、J・A・シーザー、新井理生、矢吹俊郎、中村八大、いずみたく、Sholom Secunda、及川光博,576 m,,矢吹俊郎、光宗信吉、平間あきひこ、Hideki Hagiwara、J・A・シーザー、Hideto Amari,奥井雅美、J・A・シーザー、藤林聖子、永六輔、山上路夫、安井かずみ、三ツ矢雄二、Be-PaPas,Box set / Limited Edition / Original recording remastered / Soundtrack,"KINGRECORDS.CO.,LTD(K)(M)",,"KINGRECORDS.CO.,LTD(K)(M)",少女革命原声集 Complete CD-BOX,,,,,,,,,,,,,,,,,,,,,,
178262,水月陵 OST 恋×シンアイ彼女 galgame 神曲 2016 2016年3月 DUCA 2016-03 flower AVG,8.953,150,"['48', '57', '35', '10', '0', '0', '0', '0', '0', '0']",恋×シンアイ彼女 Complete Sound Track,2016-03-31,2,Duca / yuiko,"￥3,564 [Book]",水月陵 / 宮崎京一 / Meis Clauson,81 分,Us:track,宮崎京一 / Meis Clauson,Duca / yuiko,,,,,,,,,,,,,,,,,,,,,,,,,,,
64103,K-ON! OST CD.BOX 2013 百石元 日笠陽子 豊崎愛生 佐藤聡美 寿美菜子 竹達彩奈 けいおん！ 动画 キャラソン 放課後ティータイム 前澤寛之 V.A. Collection 桜高軽音部 2016 堀口悠纪子 藤東知夏 まんがタイムきらら 永田依子 真田アサミ OP ED anime 轻音 插入曲 k-on,8.931,160,"['57', '59', '33', '8', '0', '0', '1', '1', '0', '1']",K-ON! MUSIC HISTORY'S BOX,2013-03-20,12,桜高軽音部（平沢唯、秋山澪、田井中律、琴吹紬（豊崎愛生、日笠陽子、佐藤聡美、寿美菜子））、放課後ティータイム（平沢唯、秋山澪、田井中律、琴吹紬、中野梓（豊崎愛生、日笠陽子、佐藤聡美、寿美菜子、竹達彩奈））、平沢憂（米澤円）、真鍋和（藤東知夏）、鈴木純（永田依子）、山中さわ子（真田アサミ）、河口紀美（浅川悠）,"￥ 19,800",Tom-H@ck、百石元、小森茂生、前澤寛之、ビーチェ、岡ナオキ、田村信二、村井邦彦、藤末樹、中山晋平、納所弁次郎,,ポニーキャニオン,Tom-H@ck、百石元、小森茂生、前澤寛之、ビーチェ、岡ナオキ,大森祥子、かきふらい、山上路夫、稲葉エミ、KANATA(中村彼方)、Nadia(SAWA)、hotaru、北原白秋、石原和三郎,Box set,ポニーキャニオン,,ポニーキャニオン,,,,,,,,,,,,,,,,,,,,,,,
194829,Suara うたわれるもの OST 2016 VOCAL 版权受限（呕） GAME,9.096,73,"['30', '24', '15', '4', '0', '0', '0', '0', '0', '0']",うたわれるもの 偽りの仮面&二人の白皇 歌集,2016-11-09,2,Suara,"￥4,104",衣笠道雄 / 松岡純也 / 下川直哉 / 中上和英,,F.I.X. Records,衣笠道雄 / 松岡純也 / 小林俊太郎 / Eric Gorfain / 豆田将,須谷尚子 / 巽明子(Suara),Limited Edition,,,,,,,,,,,,,,,,,,,,,,,,,,
198683,OST 目黒将司 2017 PERSONA ペルソナ5 游戏原声 游戏 PS4 2017年 迷の中毒性 女神异闻录 女神転生 待购 补 GAME cd 目黑将司 VGM 熱血,8.895,191,"['52', '83', '42', '12', '2', '0', '0', '0', '0', '0']",PERSONA5 ORIGINAL SOUNDTRACK,2017-01-17,3,Lyn,"￥ 4,320",目黒将司、小西利樹、小塚良太、喜多條敦志、土屋憲一,,ハピネット,目黒将司、小西利樹、小塚良太、喜多條敦志、土屋憲一,,Soundtracks,,『ペルソナ5』オリジナル・サウンドトラック,ハピネット,,,,,,,,,,,,,,,,,,,,,,,
21004,OST 下村阳子 光田康典 ACE+ 清田爱未 清田愛未 高橋哲哉 下村陽子 2010 Xeno ゼノシリーズ GAME ゲーム RPG 游戏音乐,9.108,65,"['29', '20', '12', '2', '2', '0', '0', '0', '0', '0']",Xenoblade Original Soundtrack,2010-06-23,,Sarah Lim,"￥ 3,500",下村陽子、ACE+(平松建治、工藤ともり、CHiCO)、清田愛未、光田康典,,,下村陽子、ACE+(平松建治、工藤ともり、CHiCO)、清田愛未、光田康典、成田勤、亀岡夏海,,,SMD,,SMD,异度之刃 游戏原声集,,,,,,,,,,,,,,,,,,,,,,
8845,灌篮高手 ED 经典 WANDS 1994 SLAMDUNK 燃曲 燃 single anime アニメ 8cm 动画 1994年 童年 柴崎浩 无 动画歌曲 OP_ED 葉山たけし TV ACG OPED 动漫主题曲 艺人专辑 織田哲郎,8.855,214,"['64', '83', '45', '20', '0', '0', '2', '0', '0', '0']",世界が終るまでは…,1994-06-08,1,WANDS,￥ 948,織田哲郎 / 柴崎浩,10 分,B-Gram RECORDS,葉山たけし / WANDS,上杉昇,Single,,,B-Gram RECORDS,直到世界尽头,,,,,,,,,,,,,,,,,,,,,,
2069,EVA 高桥洋子 神曲 勇敢的少年阿快去创造奇迹 经典 OP EVA神作 高橋洋子 1995 起床曲 anime 破 小时候 アニメ 动画 ER single 大森俊之 佐藤英敏 残酷な天使のテーゼ jkljk 童年 及川眠子 1995年 111 勇敢的少年阿快去创造JJ アニソン 中庸 无 OP_ED,8.769,1101,"['304', '424', '239', '101', '25', '5', '0', '1', '0', '2']",残酷な天使のテーゼ,1995-10-25,1,高橋洋子,"￥1,000",佐藤英敏 / 大森俊之,20 分,STAR CHILD,大森俊之,及川眠子,Single,,,STAR CHILD,残酷天使的行动纲领,,,,,,,,,,,,,,,,,,,,,,
163165,galgame 松本文纪 はな サクラノ詩 2015 OP OST monet 橋本みゆき 樱之诗 ACG 松本文紀 音乐专辑 ED Blasterhead 2015年 「✔」 SCA-自 ピクセルビー 钢琴 神曲 ADV EP うさ GAME,8.904,146,"['51', '47', '32', '15', '1', '0', '0', '0', '0', '0']",サクラノ詩 ヴォーカルCD,2015-12-27,1,はな(うさ) / 橋本みゆき / monet,"￥2,500",松本文紀 / Blasterhead / ピクセルビー,,枕,松本文紀 / Blasterhead / ピクセルビー,すかぢ(SCA-自) / 御空希色,,,,,,,,,,,,,,,,,,,,,,,,,,,
55452,Falcom 空之轨迹 ED 英雄传说 空の軌跡 2004 主题曲 游戏音乐 GAME 游戏 TM single RPG Main_Theme 2004年 轨迹系列 う～み VOCAL G.T.S,8.897,145,"['46', '51', '37', '9', '2', '0', '0', '0', '0', '0']",英雄伝説VI 空の軌跡 テーマソング「星の在り処」,2004.6.24,1,,,,5：59,,,,,,THE LEGEND OF HEROES VI SORA NO KISEKI THEME SONG,,星之所在,,,,,,,,,,,,,,,,,,,,,,
43522,燃 galgame OP JAM 未来への咆哮 マブラヴ JAM_Project 須藤賢一 河野陽吾 补 影山ヒロノブ 游戏 遠藤正明 JamProject 2005 ランティス,9.234,47,"['24', '16', '3', '3', '0', '1', '0', '0', '0', '0']",『マブラヴ オルタネイティヴ』 Insertion song Collection,2005-05-25,1,JAM Project、遠藤正明、影山ヒロノブ、福山芳樹,"￥ 1,500",,34 m,ランティス,須藤賢一,,Single / Maxi / Soundtrack,ランティス,『マブラヴ　オルタネイティヴ』　Insertion song Collection　「未来への咆哮」/「翼」/「Carry on」,,,,,,,,,,,,,,,,,,,,,,,,
43385,leaf OST WA2 上原れな galgame 白色相簿 2012 OP aquaplus 下川直哉 白学 GAME 游戏 2012年 ゲーム 白色相簿2 衣笠道雄 石川真也 津田朱里 white_album 中上和英 实体盘 上原玲奈 冬季音乐 米泽圆 神曲 cc AVG 松岡純也 WHITEALBUM,8.785,302,"['84', '115', '74', '19', '7', '2', '0', '0', '0', '1']",WHITE ALBUM 2 ORIGINAL SOUNDTRACK ～closing～,2012-6-29,2,上原れな,"￥ 3,000",下川直哉,,アクアプラス,,須谷尚子、下川直哉,OST,Leaf,,,,,,,,,,,,,,,,,,,,,,,,,
8459,岡崎律子 OST ピアノとチェロのための二重奏 长谷川智树 原声 美野春樹 岩永知樹 2005 冈崎律子 2005年 symphonic Rain galgame 游戏 GAME 2011 長谷川智樹 2011-,8.977,87,"['29', '33', '19', '6', '0', '0', '0', '0', '0', '0']",symphonic rain ピアノとチェロのための二重奏,2005-06-24,1,岡崎律子,9240 JPY (Package Price),岡崎律子,18:04,,美野春樹、長谷川智樹、岩永知樹,,"Original Soundtrack, Arrangement",KOGADO STUDIO,交响乐之雨钢琴与大提琴二重奏,,,しろ,,,,,,,,,,,,,,,,,,,,,
157648,OST 水星领航员 ED ARIA 2009 2009年 OP IN anime 音乐总集 我眼里怎么突然进沙子了,9.227,44,"['22', '12', '9', '0', '1', '0', '0', '0', '0', '0']",ARIA The BOX,2009/9/23,3,,,Choro Club,,,,,,163分,,,,,,,,,,,,,,,,,,,,,,,,,
280853,忍 OST Favorite 佐咲紗花 galgame eufonius 轮回 菊地創 2019年 童话风 2019 神曲 耐聽 AVG 游戏,9.013,75,"['29', '26', '15', '2', '3', '0', '0', '0', '0', '0']","さくら、もゆ。-as the Night's, Reincarnation- ミュージックコレクション",2019年4月29日（character1 2019）,4,佐咲紗花 / 山本美禰子 / 夏和小（藤田茜） / 鈴湯 / eufonius,"6,264(税込)",忍 / 石倉誉之 / 小高光太郎 / 野崎心平 / 菊地創,,FAVORITE,忍 / 石倉誉之 / 小高光太郎 / 野崎心平 / 菊地創,山本美禰子 / 漆原雪人 / riya,Original Soundtrack,,"Sakura, Moyu. -As the Night's, Reincarnation- Music Collection",,,,,,,,,,,,,,,,,,,,,,,,
8089,OST 久石让 天空之城 吉卜力 久石譲 宫崎骏 动漫电影原声带 2004 井上あずみ 神曲 杉並児童合唱団 动画 1986 anime StudioGhibliRecords 动画歌曲 アニメ 杉并儿童合唱团,8.877,130,"['34', '57', '29', '9', '1', '0', '0', '0', '0', '0']",天空の城ラピュタ サウンドトラック 飛行石の謎,1986-08-15,1,杉並児童合唱団、井上あずみ,"￥ 2,500",久石譲,39 m,徳間ジャパンコミュニケーションズ,久石譲,宮崎駿,Soundtrack,徳間ジャパンコミュニケーションズ,天空之城 原声,徳間ジャパンコミュニケーションズ,,,,,Audio CD,,,,,,,,,,,,,,,,,,
15164,OST 鷺巣詩郎 EVA 鹭巢诗郎 新世紀エヴァンゲリオン劇場版 ARIANNE 1997 anime LOREN&MASH bach 动画 ROBO LOREN Martin_Lascelles キングレコード 怀旧 日本 アニメ TV 新世紀エヴァンゲリオン 庵野秀明,8.880,133,"['51', '39', '31', '6', '4', '1', '0', '0', '0', '1']",THE END OF EVANGELION ― 新世紀エヴァンゲリオン 劇場版,1997-9-26,1,ARIANNE、LOREN & MASH,"￥ 3,059",鷺巣詩郎、Johann Sebastian Bach、Johann Schop,57 分,キングレコード,鷺巣詩郎、Myra Hess,MASH、庵野秀明、Mike Wyzgowski,,キングレコード,,キングレコード,《新世纪福音战士剧场版：THE END OF EVANGELION》原声音乐,,,,,,,,,,,,,,,,,,,,,,
242541,OST 牛尾憲輔 松田彬人 莉兹与青鸟 2018 牛尾宪辅 anime 京都アニメーション Lantis 2018年 映画 剧场版 ACG 动画 治愈 cd ランティス ambient,8.813,193,"['54', '67', '58', '11', '2', '1', '0', '0', '0', '0']","girls,dance,staircase",2018-04-25,2,小野豊,"￥3,780",牛尾憲輔 / 松田彬人,104 分,ランティス,牛尾憲輔 / 松田彬人 / 黒田賢一,山田尚子,Soundtrack,MARUNI STUDIO / Sound City Studio / VICTOR STUDIO,映画『リズと青い鳥』オリジナルサウンドトラック,,,,,,,,,,,,,,,,,,,,,,,,
4359,雪野五月 ひぐらしのなく頃に解 寒蝉鸣泣之时 ED You 治愈 神曲 寒蝉 dai 2007 ACG ひぐらしのなく頃に 文艺 动画 GAME single 单曲 平静 アニメ YOU必須死 不懂 艺人专辑 cd 声优曲 动画歌曲 OP_ED 动画原声 2007年 ゲーム VOCAL,8.737,536,"['128', '213', '140', '41', '9', '5', '0', '0', '0', '0']",YOU,2007-08-17,1,ゆきのさつき(雪野五月),,dai,,,,,单曲,,ひぐらしのなく頃に解　目明し編 / 蝉鸣之时解目明し編,,,,,,,,,,,,,,,,,,,,,,,,
4578,坂本真綾 菅野洋子 OP 罗德岛 罗德斯岛战记 1998 菅野よう子 坂本真绫 ロードス島戦記-英雄騎士伝- anime single 动漫 ACG 8cm 日本 上甘岭老湿 1998年 动画歌曲 OP_ED 中庸 アニメ j-pop JPOP OPED OST 动漫主题曲 VICTOR,8.835,164,"['50', '54', '45', '14', '0', '1', '0', '0', '0', '0']",奇跡の海,1998-04-22,1,坂本真綾,,菅野よう子,17 分,ビクターエンタテインメント,菅野よう子,岩里祐穂,,,TVアニメ『ロードス島戦記-英雄騎士伝-』オープニングテーマ,,奇迹之海,,,,,,,,,,,,,,,,,,,,,,
4316,OST Narcissu 水仙 催泪 galgame 水月陵 ElementsGarden ゲーム 2005 O.S.T. 游戏 Soundtrack riya pop Elements_Garden REM 瑞田茉莉 SENTIVE 猫野こめっと 2005年 矢野雅士 Ebi 上松範康 アニメ AVG nekoneko系 GAL Masa,8.784,255,"['56', '106', '76', '16', '1', '0', '0', '0', '0', '0']",Narcissu Soundtrack,2005年12月31日,1,riya,,Dreaming Rabbit,,,,,,,绝望的回忆,,水仙 原声集,,,,,,,,,,,,,,,,,,,,,,
255661,少女☆歌劇 插入歌 藤澤慶昌 anime 中村康隆 2018年 2018 歌剧 スタァライト九九組 IN 石井健太郎 ED OST 百合 插入曲 UiNA 波丽佳音 2018_8_22 版权受限（呕） MA 尋木ヒロ 战斗 10 VA 挿入歌 VOCAL ACG cd 动画 专辑,8.801,206,"['47', '87', '58', '12', '2', '0', '0', '0', '0', '0']",ラ レヴュー ド マチネ,2018-08-22,1,スタァライト九九組【愛城華恋(CV:小山百代)、神楽ひかり(CV:三森すずこ)、天堂真矢(CV:富田麻帆)、星見純那(CV:佐藤日向)、露崎まひる(CV:岩田陽葵)、大場なな(CV:小泉萌香)、西條クロディーヌ(CV:相羽あいな)、石動双葉(CV:生田輝)、花柳香子(CV:伊藤彩沙)】,"￥ 2,700",石井健太郎 / 中村康隆 / 藤澤慶昌 / 小高光太郎 / UiNA / 大川茂伸 / 尋木ヒロ,36 分,ポニーキャニオン,石井健太郎 / 藤澤慶昌 / 加藤達也 / 小高光太郎 / 藤井亮太 / 谷ナオキ / 伊藤賢 / 尋木ヒロ,中村彼方,,,「少女☆歌劇 レヴュースタァライト」劇中歌アルバムVol.1「ラ レヴュー ド マチネ」,,,,,,,,,,,,,,,,,,,,,,,,
154600,OST Novectacle 同人 ファタモルガーナの館 绝美 galgame 2013 AVG,9.014,69,"['19', '38', '8', '2', '2', '0', '0', '0', '0', '0']",ファタモルガーナの館 オリジナルサウンドトラック,2017-08-11(新装版),4,,2000 JPY(新装版),,270 m,,,,ost,,THE HOUSE IN FATA MORGANA ORIGINAL SOUND TRACKS,,,,,,,,,,,,,,,,,,,,,,,,
1785,OST 大谷幸 灰羽联盟 治愈 2002 畑亜貴 Heart_of_Air 演奏 アニメ 动漫原声带 DONNA_BURKE anime 民族调 治癒 new-age 已经购入 ； Julianne album TV 收盘神作 只怪你过于美好,8.825,154,"['44', '52', '47', '10', '0', '1', '0', '0', '0', '0']",灰羽連盟 サウンドトラック ハネノネ,2002年12月21日,1,,"￥ 1,277",大谷幸,52分钟,,,,Soundtrack,Geneon [Pioneer],,Geneon [Pioneer],,,,,,,,,,,,,,,,,,,,,,,
243161,OST 西木康智 RPG 2018 西木康志 GAME 冒险 游戏音乐 好旋律 优美,9.033,60,"['17', '29', '13', '1', '0', '0', '0', '0', '0', '0']",OCTOPATH TRAVELER Original Soundtrack,2018-07-13,4,,"¥4,104（税込）",西木康智,,Square Enix Music,西木康智,,,,,,,,,,,,,,,,,,,,,,,,,,,,
148013,神前晓 OST 物语系列 OP 2016 ED 歌物语 堀江由衣 沢城みゆき 花澤香菜 喜多村英梨 Collection 神前暁 ryo Aniplex 动画 田中秀和 春奈るな anime 加藤英美里 やなぎなぎ 斎藤千和 ClariS 2017 V.A. 十星 动画歌曲 已入 DSD megrock,8.754,256,"['52', '109', '78', '15', '1', '1', '0', '0', '0', '0']",歌物語  -〈物語〉シリーズ主題歌集-,2016-01-06,3,斎藤千和 / 加藤英美里 / 沢城みゆき / 花澤香菜 / 堀江由衣 / やなぎなぎ / 喜多村英梨 / 井口裕香 / ClariS / 河野マリナ(河野万里奈) / 春奈るな / 三木眞一郎,"￥4,298",神前暁 / ryo / じん / ミト / 黒須克彦 / 田中秀和,101 m,Aniplex,神前暁 / ryo / 高田龍一 / じん / 中西亮輔 / ミト / 鈴木Daichi秀行 / 田中秀和,meg rock / ryo / こだまさおり / じん,CD+BD/DVD,,,,歌物语 物语系列主题歌集,,,,,,,,,,,,,,,,http://www.monogatari-series.com/utamonogatari,,,,,,
3668,OST 菅野よう子 菅野洋子 攻壳机动队SAC 攻殻機動隊 攻壳机动队 2004 anime ORIGA OP 日本 ED 攻壳 流行 Scott_Matthew 動畫OST Emily_Curtis I_do Shanti_Snyder Jillmax VICTOR 电子 摇滚 动画 TV steve_conte New_Age Ilaria_Graziano O.S.T.,8.783,198,"['46', '89', '51', '9', '0', '1', '0', '0', '0', '2']",攻殻機動隊 STAND ALONE COMPLEX O.S.T.2,2004-05-26,1,菅野よう子 / Origa / Ilaria Graziano / Jillmax / Scott Matthew / Emily Curtis / Steve Conte and Shanti Snyder,"￥ 3,045",菅野よう子,65 分,ビクターエンタテインメント,,菅野よう子 / Tim Jensen / Ilaria Graziano / Shanti Snyder,Soundtrack,Victor Studio / Soundcity Studio / Soundtrack Studio (NYC) / Manhattan Center Studios (NYC),GHOST IN THE SHELL STAND ALONE COMPLEX O.S.T.2,ビクターエンタテインメント,,,菅野よう子,,,,,,,,,,,,,,,,,,,,
33674,椎名林檎 JPOP 日本 井上雨迩 2008 Virgin_Music MA EMI 森俊之,9.200,40,"['22', '10', '6', '1', '0', '0', '0', '1', '0', '0']",加爾基 精液 栗ノ花,2008-07-02,,椎名林檎,"￥ 3,059",,45 m,,,,,EMIミュージック・ジャパン,,EMIミュージック・ジャパン,,,,,,,,,,,,,,,,,,,,,,,
7414,OST 樋口秀樹 galgame 和风 纯音乐 きっと、澄みわたる朝色よりも、音楽集 樋口秀树 神曲 GAL きっと、澄みわたる朝色よりも white-lips ACG 2009 ED ゲーム ADV OP,8.825,126,"['42', '42', '25', '12', '5', '0', '0', '0', '0', '0']",きっと、澄みわたる朝色よりも、音楽集,2009/11/25,,Tynwald music、WHITE-LIPS,,樋口秀樹,,,,,CD,,,,,,,,,,,,,,,,,,,,,,,,,,
39206,OST leaf 上原れな WA2 白色相簿2 galgame 津田朱里 2012 ACG 原声 GAME V.A. OP 小木曾雪菜 lea 游戏 IC cd 2012年 中上和英 下川直哉 白学 冬季音乐 上原玲奈 实体盘 松岡純也 白色相簿 神曲 WHITEALBUM white_album,8.728,305,"['80', '112', '77', '29', '4', '2', '0', '0', '0', '1']",WHITE ALBUM2 ORIGINAL SOUNDTRACK ～introductory～,2012-04-27,2,上原れな,"￥ 2,100",,1:41:38.040,アクアプラス,,須谷尚子,CD-ROM,アクアプラス,,,,,,,,,,,,,,,,,,,,,,,,,
3550,菅野洋子 OST 菅野よう子 高达 1997 ∀ガンダム 神作 Moon anime 西城秀树 胡子大好 ROBO 补 动漫原声带 日本 機動戦士ガンダム 西条秀樹 岩坂士京,8.904,83,"['23', '35', '20', '4', '1', '0', '0', '0', '0', '0']",∀ガンダム ORIGINAL SOUND TRACKS,1997-07-23,1,ホワイトドールの祭りの会一同、Gabriela Robin(菅野よう子)、西城秀樹、岩坂士京、Warsaw Philharmonic Orchestra,,菅野よう子、小林亜星,,,菅野よう子,Gabriela Robin(菅野よう子)、井荻麟(富野由悠季)、岩里祐穂,OST,,ターンAガンダム Original Soundtracks,,Turn A 高达 OST,,,,,,,,,,,,,,,,,,,,,,
270757,key 交响乐 麻枝准 管弦乐 2018 感动 折戸伸治 PMMK 井内舞子 戸越まごめ Arrangement SYMPHONY,9.444,27,"['15', '9', '3', '0', '0', '0', '0', '0', '0', '0']",Key ORCHESTRA CONCERT 2018,2018/9/24,2,,"4,000円 (税込)",折戸伸治、麻枝准、戸越まごめ、PMMK、井内舞子,1hr 41min,,竹岡智行、辻田絢菜、鹿野草平、堀田庸元、直江香世子、木村裕、水月陵,,,,,,,,馬場隆博,,,,志村健一,,"梶田法子, 水月陵",Ryuta,待山一生,Meine Meinung,東京混声合唱団,東京室内管弦楽団,"竹岡智行, 辻田絢菜, 鹿野草平, 堀田庸元, 直江香世子, 木村裕, 水月陵",折戸伸治,,,,,,,
1541,ef 天门 悠久之翼 OST 天門 柳英一郎 GAL galgame 原田ひとみ 音乐 2009 日本 ゲーム 2008 治愈 催泪神曲 AVG 游戏原声,8.735,275,"['68', '98', '85', '17', '6', '1', '0', '0', '0', '0']",ef - a fairy tale of the two. Original Soundtrack. Alato,2008-12-28（C75）,3,原田ひとみ,￥3999,天門、柳英一郎,,,,,,,,,,,,,,,,SW-049,,,,,,,,,,,,,,,
8104,吉卜力 剧场版主题曲 手嶌葵 ED GHIBLI 本名陽子 安田成美 CHAGE&ASKA 井上あずみ 坂本洋子 アニメ anime 都はるみ 上々颱風 米良美一 松任谷由実 久石让 动画 和风 OST 加藤登紀子 静心 2001,9.037,54,"['14', '29', '10', '1', '0', '0', '0', '0', '0', '0']",スタジオジブリの歌,2008-11-26,2,安田成美、井上あずみ、アメリータ・ガリ＝クルチ(Amelita Galli-Curci)、荒井由実(松任谷由実)、都はるみ、加藤登紀子、坂本洋子、上々颱風、本名陽子、CHAGE&ASKA、米良美一、山田家の人々（朝丘雪路、益岡徹、荒木雅子、五十畑迅人、宇野なおみ）、藤原先生（矢野顕子）、木村弓、つじあやの、Tina(柚木ちな)、倍賞千恵子、手嶌葵、林正子、藤岡藤巻と大橋のぞみ,"￥ 3,500",細野晴臣、久石譲、Henry Rowley Bishop、荒井由実(松任谷由実)、Amanda McBroom、Antoine Aime Renard、加藤登紀子、永田茂、猪野陽子、紅龍、Bill Danoff、Taffy Nivert、John Denver、飛鳥涼(ASKA)、Jay Livingston、Ray Evans、矢野顕子、木村弓、つじあやの、Vincent Ford、谷山浩子、新居昭乃、保刈久明,104 m,徳間ジャパンコミュニケーションズ,萩田光雄(萩田光男)、富澤裕、久石譲、松任谷正隆、星勝、菅野よう子、大口純一郎、永田茂、上々颱風、古澤良治郎、野見祐二、澤近泰輔、斉藤ネコ、Jeff Bova、矢野顕子、木村弓、根岸孝旨、山本拓夫、寺嶋民哉,松本隆、宮崎駿、中川李枝子、John Howard Payne、荒井由実(松任谷由実)、Amanda McBroom、高畑勲、Jean-Baptiste Clément、加藤登紀子、望月智充、紅龍、Bill Danoff、Taffy Nivert、John Denver、鈴木麻実子、飛鳥涼(ASKA)、Jay Livingston、Ray Evans、矢野顕子、覚和歌子、つじあやの、谷川俊太郎、宮崎吾朗、新居昭乃、近藤勝也,,"Tokuma Japan Communications CO.,LTD(TK)(M)",,"Tokuma Japan Communications CO.,LTD(TK)(M)",吉卜力映画主题歌集,,,,,STUDIO GHIBLI SONGS,,,,,,,,,,,,,,,,,
12649,OST 缘之空 三轮学 2011 原声集 三輪学 galgame anime 动画 无话可说 大制作宣传片 アニメ 纯音 致郁 依媛奈緒 BrunoWen-li 神曲 神作 TV,8.745,204,"['51', '85', '48', '16', '1', '1', '0', '0', '0', '2']",ヨスガノソラ オリジナルサウンドトラック－New－,2011-02-23,1,,,Bruno Wen-li(市川淳),,キングレコード,Bruno Wen-li(市川淳),,BD-ROM,,ヨスガノソラ Blu-ray 依媛奈緒 封入特典CD,,缘之空BD附限定原声集,,,,,,,,,,,,,,,,,,,,,,
9285,目黒将司 OST PERSONA ATLUS ペルソナ 目黑将司 ペルソナ3 VGM 补 2006 O.S.T.,8.857,98,"['33', '34', '23', '5', '2', '0', '0', '0', '0', '1']",PERSONA3 Original Soundtrack,2006-07-31,2,目黒将司,"￥ 3,045",目黒将司,130min,Sony Music Associated Records、ソニー・ミュージックディストリビューション,目黒将司,,Soundtrack / Import,アニプレックス、Aniplex,Persona 3 Original Soundtrack,Sony,女神异闻录3 OST,,,,,,,,,,,,,,,,,,,,,,
255969,少女☆歌劇 插入歌 スタァライト九九組 剧中歌 2018 2018年 百合 anime IN ED OST VOCAL 战斗 波丽佳音 尋木ヒロ 三好啓太 アニソン MA 本多友紀 01 插入曲 挿入歌 cd 动画 歌剧 专辑 加藤達也 VA 其他 藤澤慶昌,8.784,153,"['43', '49', '46', '15', '0', '0', '0', '0', '0', '0']",ラ レヴュー ド ソワレ,2018-10-17,1,スタァライト九九組【愛城華恋(CV:小山百代)、神楽ひかり(CV:三森すずこ)、天堂真矢(CV:富田麻帆)、星見純那(CV:佐藤日向)、露崎まひる(CV:岩田陽葵)、大場なな(CV:小泉萌香)、西條クロディーヌ(CV:相羽あいな)、石動双葉(CV:生田輝)、花柳香子(CV:伊藤彩沙)】,"￥ 2,700",三好啓太、藤澤慶昌、本多友紀、加藤達也、尋木ヒロ,36 分,ポニーキャニオン,三好啓太、藤澤慶昌、本多友紀、加藤達也、尋木ヒロ、小高光太郎,中村彼方,,,「少女☆歌劇 レヴュースタァライト」劇中歌アルバムVol.2 「ラ レヴュー ド ソワレ」,,,,,,,,,,,,,,,,,,,,,,,,PCCG-01707
266302,美波 OP 2019 家有女友 ドメスティックな彼女 single 十星 アニメ TV 2019年 2019年01月 动画 已入 艺人专辑 2019-01 神曲 cd 燃 待入 女声 アニソン 动画歌曲 OPED,8.739,222,"['55', '82', '64', '18', '2', '0', '0', '0', '1', '0']",カワキヲアメク,2019-01-30,1,美波,"￥1,620",美波,20 分,フライングドッグ,,美波,,,TVアニメ「ドメスティックな彼女」オープニングテーマ,,,,,,,,,,,,,,,,,,,,,,,,
5844,EVA 鷺巣詩郎 EOE OST ARIANNE 新世紀エヴァンゲリオン ED 剧场版 LOREN&MASH 新世紀エヴァンゲリオン劇場版 single 鹭巢诗郎 8cm 插入曲 anime 1997 补 LOREN Martin_Lascelles 1997年 キングレコード 动画 日本 神曲 庵野秀明 bach,8.853,95,"['31', '34', '21', '3', '6', '0', '0', '0', '0', '0']",The End of Evangelion,1997-08-01,1,LOREN & MASH / ARIANNE,"￥1,020",鷺巣詩郎 / Johann Sebastian Bach,16 分,STAR CHILD,鷺巣詩郎,MASH / 庵野秀明 / Mike Wyzgowski,Single,,,STAR CHILD,,,,,,,,,,,,,,,,,,,,,,,
2860,Hitomi 黑石瞳 黒石ひとみ 治愈 OST 日本 anime 2008 叛逆的鲁鲁修 平静 ガン×ソード 专辑 LAST_EXILE Collection album 治癒 ACG 空灵 プラネテス アニメ RURUTIA コードギアス,8.810,116,"['28', '49', '31', '5', '3', '0', '0', '0', '0', '0']",Angel Feather Voice,2008-08-13,1,黒石ひとみ,jp￥ 2582,,70 m,JVCエンタテインメント,,,,JVCエンタテインメント,,,,,,,,,,,,,,,,,,,,,,,,,
17157,高桥优 JPOP 高橋優 治愈 这是一张完美的CD cd 版权受限（呕） 补 2011 album,9.000,56,"['24', '14', '12', '6', '0', '0', '0', '0', '0', '0']",リアルタイム・シンガーソングライター,2011-04-20,1,高橋優,"￥ 3,150",,53 m,Warner Music Japan,,,"CD, Limited Edition",ワーナーミュージック・ジャパン,,,,,,,,,,,,,,,,,,,,,,,,,
234259,OST 光田康典 游戏音乐 2017年,9.039,51,"['26', '9', '10', '5', '0', '1', '0', '0', '0', '0']",Xenoblade2 SOUND SELECTION,2017-12-01,1,,,清田愛未、平松建治、光田康典,,,,,,,Xenoblade Chronicles 2 SOUND SELECTION,,异度神剑2 特典原声集,,,,,,,,,,,,,,,,,,,,,,
3669,OST 菅野洋子 菅野よう子 攻壳机动队SAC 攻壳机动队 攻殻機動隊 2005 ORIGA Scott_Matthew anime Benedict_Delmaestro COMPLEX ACG STAND Alone Ilaria_Graziano 2012- New_Age,8.778,126,"['38', '45', '32', '9', '0', '0', '0', '0', '0', '2']",攻殻機動隊 STAND ALONE COMPLEX O.S.T.3,2005-07-21,1,Scott Matthew / 菅野よう子 / Origa / Benedict Delmaestro / Ilaria Graziano,"￥ 3,045",菅野よう子,67 分,ビクターエンタテインメント,,Chris Mosdell / 菅野よう子 / Shanti Snyder / Tim Jensen / Ilaria Graziano,Soundtrack,Victor Studio / Soundcity Studio / Greenbird Studio (Tokyo) / Forum Music Village (Rome) / Soundtrack Studio (NYC) / M-1studio / Warsaw Philharmonic Hall (Warsaw) / Metropolis Studios / Sony Music Studios (London),GHOST IN THE SHELL STAND ALONE COMPLEX O.S.T.3,ビクターエンタテインメント,,,菅野よう子,,,,,,,,,,,,,,,,,,,,
2295,supercell 化物语 君の知らない物語 ryo ED 战场原黑仪 神曲 nagi 荡漾 星星 2009 CENCOROLL 你所不知道的奸情 OP やなぎなぎ anime ガゼル 物语系列 single ACG アニメ 动画 化物語 物语 羚羊 OPED 粪PV 软妹神曲 青春臭 日本,8.640,1320,"['309', '439', '406', '132', '25', '8', '0', '0', '1', '0']",君の知らない物語,2009-08-12,1,supercell(やなぎなぎ),"￥ 1,223",ryo,17 分,Sony Music Records,ryo,ryo,"Single, Maxi",SMR、Sony Music Records,,SMR,你所不知道的故事,三輪士郎,,,,,,,,,,,,,,,,,,,,,
217401,梶浦由記 魔法少女まどか☆マギカ 魔法少女小圆 OP ED 2017 Collection 梶浦由记 2017年 anime 角色歌 BEST 动画 OST 水橋かおり 圆神 kalafina アニソン 一心二用 动画歌曲 其他 过期食品 先上车后补票 野中藍 ClariS 斎藤千和 剧场版 喜多村英梨 VOCAL 悠木碧,8.775,129,"['31', '53', '32', '11', '2', '0', '0', '0', '0', '0']",「魔法少女まどか☆マギカ」 Ultimate Best,2017-08-09,2,ClariS / 鹿目まどか(CV:悠木碧) / 暁美ほむら(CV:斎藤千和) / 美樹さやか(CV:喜多村英梨) / 佐倉杏子(CV:野中藍) / 巴マミ(CV:水橋かおり) / Kalafina,"￥ 3,780",梶浦由記,,Aniplex,梶浦由記,,CD+DVD / Limited Edition,,,,《魔法少女小圆》 Ultimate Best,,,,,,,,,,,,,,,,,,,,,,
3667,OST 菅野洋子 菅野よう子 攻壳机动队SAC 攻殻機動隊 攻壳机动队 2003 ORIGA 神曲 anime 动画 STAND COMPLEX HIDE Scott_Matthew Alone New_Age ACG ED TV Ilaria_Graziano O.S.T.,8.731,186,"['49', '64', '60', '10', '1', '0', '0', '0', '0', '2']",攻殻機動隊 STAND ALONE COMPLEX O.S.T.,2003-01-22,1,HIDE / Ilaria Graziano / Scott Matthew / Origa,"￥ 3,045",菅野よう子,70 分,ビクターエンタテインメント,,Tim Jensen / troy / Origa / Shanti Snyder / Chris Mosdell / Gabriela Robin(菅野よう子),Soundtrack,Victor studio / Soundcity Studio / Greenbird Studio,GHOST IN THE SHELL STAND ALONE COMPLEX O.S.T.,ビクターエンタテインメント,,,菅野よう子,,,,,,,,,,,,,,,,,,,,
4149,kalafina 梶浦由記 空之境界 杀人考察后 空の境界 2009 ED 神曲 ACG 全theme收集 梶浦由记 album anime SME Theme アニメ 动画 主题歌集 TM 哀婉 アニソン 2016 杀人考察 seventh_heaven 2009年 艺人专辑 VOCAL Type-Moon 神作 cd,8.671,441,"['107', '147', '135', '42', '7', '3', '0', '0', '0', '0']",Seventh Heaven,2009-03-04,1,Kalafina,"￥ 3,059",梶浦由記,66 分,SME Records,梶浦由記,梶浦由記,,SME Records,,,,,,,,,,,,,,,,,,,,,,,,,
5855,EVA OST 鹭巢诗郎 鷺巣詩郎 ヱヴァンゲリヲン新劇場版 林原めぐみ 2009 anime 新世紀エヴァンゲリオン 动画 杉並児童合唱団 2011- ザ・ピーナッツ 金子詔一 2015 今陽子 新世纪交响风 Mozart Tr₇Sr₊ ピンキーとキラーズ 宫川泰 スターチャイルド 林原惠 アニメ 日本 动漫电影原声带 村井邦彦 船山基紀 Evangelion2:0 井上堯之,8.675,277,"['63', '105', '75', '26', '6', '2', '0', '0', '0', '0']",ヱヴァンゲリヲン新劇場版:破 オリジナルサウンドトラック SPECIAL EDITION,2009-07-08,2,The London Studio Orchestra、林原めぐみ、杉並児童合唱団、ザ・ピーナッツ、今陽子、ピンキーとキラーズ,"￥ 3,300",鷺巣詩郎、井上隆之、Wolfgang Amadeus Mozart、金子詔一、村井邦彦、宮川泰、いずみたく,137 m,キングレコード,鷺巣詩郎、Fernando Sor、船山基紀、宮川泰、いずみたく、天野正道,金子詔一、山上路夫、岩谷時子、Mike Wyzgowski,,キングレコード,EVANGELION:2.0 YOU CAN (NOT) ADVANCE. Original Sound Track,キングレコード,,,,,,,,,,,,,,,,,,,,,,,
13211,Falcom 双星物语 OST Zwei!! 游戏原声 Arrange ZWEI 日本ファルコム 2002 游戏音乐 日本 ACG GAME,9.370,27,"['16', '8', '1', '1', '1', '0', '0', '0', '0', '0']",Zwei!! Super Arrange Version,2002-12-19,1,,￥2940,Falcom Sound Team jdk(園田隼人、石橋渡、服部麻衣子、白川篤史(天門)),53:17,日本ファルコム,Falcom Sound Team jdk,,专辑,Falcom,「ツヴァイ!!」スーパーアレンジバージョン,,《双星物语》超级混音版,七瀬葵,,,,,,,,,,,,,,,,,,,,,
861,SoundHorizon Moira 史诗感 SH 神作 revo 希腊风 StroyCD Sound_Horizon二期 Moria 2008 完全体 S.H Sound_Horizon G弦上的魔王 史诗 REVO神 失败 JIMANG SoundHrizon 专辑 V.A. 物语音乐 伪中庸 Sound.Horizon 恨不能再扩展 恨不能打更高分 物語音樂 OST 同人音樂,8.656,422,"['115', '132', '117', '39', '15', '1', '2', '1', '0', '0']",Moira,2008-09-03,1,Sound Horizon、井上麻里奈、Jimang,"￥ 3,000",,80 m,,,,,King Records =music=,,King Records,,Yokoyan,,,,,,,,,,,,,,,,,,,,,
4276,澤野弘之 OST 機動戦士ガンダムUC GUNDAM 神OST 2010 泽野弘之 幼女控赛高 anime UC 动漫原声带 高达 日本 九星 动画 ROBO 推销成功 先上车后补票 一心二用 已购入 Cyua 機動戦士ガンダム AVG アニメ 井上優弥子 河合夕子,8.660,377,"['66', '163', '119', '18', '9', '1', '0', '0', '0', '1']",機動戦士ガンダムUC ORIGINAL SOUNDTRACK,2010-03-10,1,Cyua、井上優弥子、河合夕子,3100円,澤野弘之,77分钟,ミュージックレイン,澤野弘之,mpi、Rie,Blu-spec CD,ミュージックレイン,机动战士高达独角兽原声集,ミュージックレイン,机动战士高达UC OST,,,,,Mobile Suit Gudam Unicorn Original SoundTrack,,,,,,,,,,,,,,,,,
13011,wowaka Vocaloid アンハッピーリフレイン 迷の中毒性 初音ミク 2011 同人音樂 JPOP ★Vocaloid 神砖 album 已经购入 pagodes R.I.P 已整理 acane_madder キャプミラP Voc@loid v家 同人音乐 Dixie_Flatline 同人 songs whoo 阿部尚徳,8.728,169,"['43', '61', '50', '11', '2', '1', '0', '0', '1', '0']",アンハッピーリフレイン,2011-05-18,,wowaka(現実逃避P) feat. 初音ミク、pagodes,"￥ 2,500",wowaka(現実逃避P),,BALLOOM,wowaka(現実逃避P)、キャプテンミライ(キャプミラP)、acane_madder、とく(阿部尚徳)、whoo、Dixie Flatline,wowaka(現実逃避P),,BALLOOM,UNHAPPY REFRAIN,BALLOOM,,,,,,,,,,,,,,,,,,,,,,,
10498,OST 癒月 dai 神曲 ひぐらしのなく頃に 2005 You ひぐらしのなく you(Vocal) TV 寒蝉鸣泣之时 推荐 动画原声 アニメ 同人,8.759,133,"['30', '56', '33', '13', '1', '0', '0', '0', '0', '0']",ひぐらしのなく頃に解 Original Sound Version & Extra Sounds Thanks／You,2005-08,1,dai、癒月,1000円,dai、癒月,52m,,,癒月,同人音楽,,Thanks／You,,蝉鸣之时解音乐集,,,,,,,,,,,,,,,,,,,,,,
52273,KIRA☆KIRA 摇滚 OST 第二文芸部 青春 2008 milktub 椎野きらり TIME!! galgame show HAPPY_CYCLE_MANIA キラ☆キラ MA STAR_GENERATION 补 遠藤正明 YURIA 2008年 OVERDRIVE AiRI,8.935,62,"['24', '20', '13', '4', '0', '0', '0', '0', '1', '0']",Kira☆Kira Show Time!!,2008/2/27,,HAPPY CYCLE MANIA / 第二文芸部 / 椎野きらり / STAR GENERATION、遠藤正明、YURIA、AiRI,"￥ 3,000",milktub,38 m,,,,CD,Lantis(K)(M),,Lantis(K)(M),,,,,,,,,,,,,,,,,,,,,,,
4311,坂本真绫 菅野洋子 翼神传说 菅野よう子 2003 ACG 坂本真綾 TM 动漫主题曲 日本 ラーゼフォン OST j-pop 岩里祐穂 steve_conte 2003年 ED Alexander.Porfiryevich.Borodin Main_Theme ★J-POP ☆ACG Steve.Conte TV 主题曲 神曲 动画 anime JPOP single,8.713,209,"['46', '77', '70', '13', '2', '1', '0', '0', '0', '0']",tune the rainbow,2003-04-02,1,坂本真綾 / Steve Conte,"￥1,000",菅野よう子 / Alexander Porfiryevich Borodin,14 分,ビクターエンタテインメント,菅野よう子,岩里祐穂 / Chris Mosdell / 坂本真綾,Single / Maxi,,,ビクターエンタテインメント,,,,,,,,,,,,,,,,,,,,,,,
2179,OST FLCL thepillows 光宗信吉 the_pillows Pillows 动漫原声带 山中さわお 动画 2000 サントラ3 ROBO Cooly(FLCL) フリクリ O.S.T. Rock 2006 3 Fooly,8.733,161,"['43', '59', '45', '9', '2', '1', '1', '0', '0', '1']",Fooly Cooly(FLCL) OST 3 / フリクリ サントラ3,,1,the pillows,,山中さわお,55分钟,キングレコード,the pillows,山中さわお,OST,キングレコード,FLCL Original Sound Track NO. 3,キングレコード,特别的她 / 求恋期 原声音乐 3,,,,,,,,,,,,,,,,,,,,,,
13327,志方あきこ ED 2011 うみねこのなく頃に散 うみねこのなく頃に 神曲 海猫EP8 GAME ゲーム 白梦之茧 空灵 Main_Theme 志方晶子 第五首就是整个海猫的精华 主题曲 日本 海猫 ACG OST 志方akiko,8.804,102,"['35', '26', '30', '9', '1', '1', '0', '0', '0', '0']",白夢の繭~Ricordando il passato,2011-06-08,1,志方あきこ,"￥ 1,575",,16 分,フロンティアワークス,志方あきこ,志方あきこ、磯谷佳江,Maxi,フロンティアワークス,,フロンティアワークス,,,,,,,,,,,,,,,,,,,,,,,
53413,OST 川井憲次 川井宪次 攻壳机动队 2004 攻殻機動隊 西田佳づ美 西田和枝社中 清水多永子 伊藤予示子 动画 伊藤君子 anime,8.811,95,"['33', '28', '25', '6', '2', '0', '0', '0', '0', '1']",INNOCENCE O.S.T.,2004-03-03,,西田和枝社中、伊藤君子、伊藤予示子、西田佳づ美、清水多永子,"￥ 3,045",川井憲次、Joaquin Rodrigo,47 m,ビクターエンタテインメント,川井憲次,川井憲次、坂本美雨、Herbert Kretzmer、Hal Shaper,Soundtrack,ビクターエンタテインメント,Ghost in the Shell Innocence ost,ビクターエンタテインメント,攻壳机动队2 无罪 OST,,,,,,,,,,,,,,,,,,,,,,
18145,ARIA OST 钢琴 窪田ミナ 治愈 妹尾武 Image_Song anime Hi-Res 水星领航员 2008 2008年,9.000,50,"['21', '17', '7', '3', '0', '2', '0', '0', '0', '0']",ARIA The ORIGINATION ピアノ・コレクションII「ディパルテンツァ-旅立ち-」,2008-03-26,,"窪田ミナ,SONOROUS 妹尾武","￥ 2,100",,36 m,,,,,JVCエンタテインメント,,JVCエンタテインメント,,,,,,,,,,,,,,,,,,,,,,,
267235,スタァライト九九組 少女☆歌劇 2018 曲子 神一般的 2018年 CS 角色歌 叶人 其他 single cd キャラソン 女声 anime 藤井亮太,8.980,51,"['20', '16', '9', '6', '0', '0', '0', '0', '0', '0']","You are a ghost, I am a ghost 〜劇場のゴースト〜",2018-12-26,1,スタァライト九九組【愛城華恋(CV:小山百代)、神楽ひかり(CV:三森すずこ)、天堂真矢(CV:富田麻帆)、星見純那(CV:佐藤日向)、露崎まひる(CV:岩田陽葵)、大場なな(CV:小泉萌香)、西條クロディーヌ(CV:相羽あいな)、石動双葉(CV:生田輝)、花柳香子(CV:伊藤彩沙)】,"14,000円（税別）",叶人、藤井亮太,,,藤井亮太,中村彼方,,,「少女☆歌劇 レヴュースタァライト」キャラクターソングCD 2,,,,,,,,,,,,,,,,,,,,,,,,
32004,OST 去月球 To_the_Moon 治愈 原声 游戏 平静 加拿大 神曲 O.S.T. 2011 GAME Freebird River For BonusVersion freebirdgames Kan_Gao 游戏原声集 2011-11 KanR.Gao Laura.Shigihara 西洋 催泪 之余 游戏ost 游戏音乐 RPG 我喜欢的作品,8.690,210,"['31', '101', '61', '16', '1', '0', '0', '0', '0', '0']",To the Moon Original Soundtrack,2011-11-04(Digital)、2012-07-06(CD),,"Kan R. Gao, feat. Laura Shigih、Laura Shigihara",5加元或每首1加元(Digital),Freebird Games、Laura Shigihara,57:51(Digital)、54:09(CD),,,,专辑,,,,去月球 原声集,,,,数字(Digital)、CD,,,,,,,,,,,,,,,,,,
3606,key 麻枝准 OST LittleBusters! LB 折户伸治 神曲 三輪学 KSL 水月陵 戸越まごめ 催泪 galgame Manack O.S.T. 友情第一催泪OST 2007 PMMK 折戸伸治 中庸 购入预定 2017 已整理 ADV Rita GAME 三轮学 ゲーム AVG 麻枝準,8.667,243,"['49', '91', '81', '17', '5', '0', '0', '0', '0', '0']",リトルバスターズ！ Original SoundTrack,2007.09.28,3,Rita / Manack / PMMK / 麻枝准 / 折戸伸治 / 戸越まごめ / 水月陵,"￥3,800＋税",PMMK、三輪学、戸越まごめ、麻枝准、折戸伸治,63:42+64:03+54:06,Key Sounds Label,中沢伴行、尾崎武士,都乃河勇人、麻枝准,各曲解説・ボーカル曲メロ譜付,,Little Busters! Original SoundTrack,,,,,KSLA-0033～0035,,,,,,,,,,,,,,,,,,,
35361,鋼の錬金術師 OST ED OP 精选 钢之炼金术师 2012 精选集 BEST YUI OPED插入歌 中川翔子 鋼錬 V.A. FA 2010s ボーカルアルバム 2012年 主题歌集 アニメ ACG cd 动画 anime 剧场版 神OST TV anisong 游戏 OVA,8.674,258,"['60', '101', '70', '20', '2', '3', '0', '0', '0', '2']",鋼の錬金術師 THE BEST,2012-02-29,CD2枚 DVD一枚,ポルノグラフィティ / 北出菜奈 / L’Arc～en～Ciel / YeLLOW Generation / COOL JOKE / Crystal Kay / ASIAN KUNG-FU GENERATION / Sowelu / YUI / シド / NICO Touches the Walls / 福原美穂 / スキマスイッチ / Lil’B / CHEMISTRY / SCANDAL / 中川翔子 / miwa,"￥ 3,360",,100分,,,,,,,,,,,,,,,,,,,,,,,,,,,,,,
878,冈崎律子 水果篮子 治愈 神曲 岡崎律子 OP 治愈系 2001 回忆 ACG フルーツバスケット basket 大地丙太郎 single OST anime fruit ED アニメ 动画歌曲 回忆杀 OP_ED 村山達哉 2001年 OPED插入歌 聽到前奏就胃疼 op&ed OPED 动漫主题曲 女声,8.635,392,"['81', '149', '114', '36', '10', '2', '0', '0', '0', '0']",For フルーツバスケット,2001-07-25,1,岡崎律子,,岡崎律子,15min,キングレコード,村山達哉,岡崎律子,Single/Maxi,キングレコード,For Fruits Basket,キングレコード,,,,,,,,,,,,,,,,,,,,,,,
13212,OST Falcom 双星物语 Zwei!! 天門 ACG GAME 2001 ZWEI 園田隼人 补 游戏原声 游戏音乐 VGM ef 天门 日本 JDK,8.980,51,"['17', '21', '9', '3', '1', '0', '0', '0', '0', '0']",Zwei!! Original Sound Track,2001-12-20,2,,"￥ 6,517",Falcom Sound Team jdk(園田隼人、石橋渡、服部麻衣子、白川篤史(天門)),,日本ファルコム,,,专辑,,オリジナル・サウンドトラック 「ツヴァイ！！」,,《双星物语》原声大碟,七瀬葵,,,,,,,,,,,,,,,,,,,,,
134535,OST 松田彬人 響け!ユーフォニアム 2015 吹响吧！上低音号 动画 anime ACG ED OP 響け！ユーフォニアム 京阿尼 吹响吧 悠风号 朝井彩加 ！悠风号 辛苦洗足学園音楽大学 京都アニメーション ，高坂丽奈 动画原声 京都动画 田坂直樹 2017 YMO 安済知佳 zaq 九星 动漫原声 好听 交响乐,8.664,247,"['39', '105', '87', '14', '1', '1', '0', '0', '0', '0']",響け! ユーフォニアム Original Soundtrack「おもいでミュージック」,2015-07-08,2,北宇治カルテット[黄前久美子(CV.黒沢ともよ) / 加藤葉月(CV.朝井彩加) / 川島緑輝(CV.豊田萌絵) / 高坂麗奈(CV.安済知佳)] / 唐沢美帆,"￥3,780",松田彬人 / 菊池俊輔 / Jacques Offenbach / Antonín Dvořák / J.M. Fulton / John Philip Sousa / Luigi Denza / 高橋幸宏 / 奥華子 / Nikolai Andreyevich Rimsky-Korsakov / 田坂直樹 / ZAQ / 加藤裕介,142 分,ランティス,松田彬人 / 小島里美 / Alfred Reed / 和田直也 / 田坂直樹 / 高田暁 / 加藤裕介,ZAQ / 唐沢美帆,,文化村スタジオ / Sound City Studio / VICTOR STUDIO,おもいでミュージック,,,,,,,,,,,,,,,,,,,,,,,,
151968,OST 水月陵 恋×シンアイ彼女 galgame 2015年 2015 AVG,8.903,62,"['21', '20', '15', '6', '0', '0', '0', '0', '0', '0']",恋×シンアイ彼女 Original Sound Tracks,2015-10-30,1,Duca / yuiko,,水月陵 / 宮崎京一 / Meis Clauson,39 分,Us:track,宮崎京一 / Meis Clauson,Duca / yuiko,,,,,,,,,,,,,,,,,,,,,,,,,,,
813,kalafina 梶浦由纪 空の境界 空之境界 梶浦由記 ED 俯瞰风景 2008 神作 空境 剧场版主题曲 梶浦由记 TM single anime Theme 神曲 oblivious 动画 Main_Theme 已整理 已经购入 中庸 2008年 2016 剧场版 主题曲 Type-Moon ACG j-pop,8.610,615,"['125', '221', '196', '59', '9', '4', '0', '0', '0', '1']",oblivious,2008-01-23,1,Kalafina、戸丸華江、貝田由里子,"￥ 2,000",梶浦由記,14 分,SME Records,梶浦由記,梶浦由記,"Single, Maxi",SME Records,,,,,,,,,,,,,,,,,,,,,,,,,
3181,SoundHorizon 圣戦のイベリア revo 2007 SH风格代表作 SH 圣战 Sound_Horizon 伊比利亚 同人音乐 光复运动 全唱得下来 物语音乐 horizon 恨不能打更高分 kaori 诗歌风格 史诗 Sound.Horizon 专辑 Remi 同人 同人音樂 織田かおり sound SingleCD EP Yuuki,8.658,257,"['62', '82', '83', '24', '5', '1', '0', '0', '0', '0']",聖戦のイベリア,2007-08-01,,Sound Horizon,"￥ 1,200",,17 m,キングレコード,,,Single / Maxi,"KINGRECORDS.CO.,LTD(K)(M)",,"KINGRECORDS.CO.,LTD(K)(M)",,Yokoyan,,,,,,,,,,,,,,,,,,,,,
8926,梶浦由記 晓之车 神曲 南里侑香 FictionJunction SEED 暁の車 高达SEED 插入曲 高达 2004 YUUKA 梶浦由记 IN OST ED 动画 anime ACG アニメ 动漫主题曲 single 女声 动画OP FictionJunction_YUUKA 2004年 平静 已整理 Interlude 已经购入,8.609,493,"['98', '183', '148', '52', '10', '1', '1', '0', '0', '0']",暁の車,2004-09-22,1,FictionJunction YUUKA(梶浦由記&南里侑香),"￥ 1,000",梶浦由記,17 分,ビクターエンタテインメント,梶浦由記,梶浦由記,Single / Maxi,,,ビクターエンタテインメント,晓之车,,,,,,,,,,,,,,,,,,,,,,
15955,ZONE base～君がくれたもの～ 催泪 十年前 那朵花 神曲 2001 j-pop 治愈系 ～君がくれたもの～ secret 秘密 anime 基地 我们仍未知道那天所见的花的名字 single 专辑 Band ED Main_Theme 2001年 TM 動畫OST 中庸 base 动画 治愈 あの花 OST 日本音乐,8.606,436,"['85', '162', '135', '44', '8', '1', '0', '1', '0', '0']",secret base～君がくれたもの～,2001-08-08,1,ZONE,"1,223日元",,16 m,,,,Maxi,ソニーレコード,,ソニーレコード,,,,,,,,,,,,,,,,,,,,,,,
5931,EVA ED 宇多田光 世界神曲 神曲 Claire 1995 ACG 动画 动漫主题曲 rei single ClaireLittley ayanami anime 1995年 大森俊之 OPED Co. 外语 新世纪福音战士 flymetothemoon ROBO 平静 King 8cm fly_me_to_the_moon アニメ 宇多田ヒカル 怀旧,8.603,459,"['98', '171', '125', '48', '11', '4', '2', '0', '0', '0']",FLY ME TO THE MOON,1995-10-25,,Claire,"￥ 1,020",,,キングレコード,大森俊之,,Single,,,King Record Co.,,,,,,,,,,,,,,,,,,,,,,,
10451,SoundHorizon 黑童话 Märchen 第七地平线 revo 七宗罪 REVO神 卖肾 SH 马鹿好萌！ 童話 2010 红蓝王子 马鹿马鹿 over国王 物語音樂 物语音乐 伪中庸 2010年 Sound.Horizon 物語音楽 已购入 LP V.A. 专辑 Vocaloid 沢城みゆき album 同人音乐 同人音樂,8.615,338,"['77', '127', '80', '41', '10', '1', '1', '1', '0', '0']",Märchen,2010-12-15,,Sound Horizon、Minami、Jimang、沢城みゆき、大塚明夫、飛田展男、中村悠一、谷井あすか、藤田咲、大川透,"￥ 3,000",,77 m,キングレコード,,,,キングレコード,Marchen,キングレコード,,Yokoyan,Revo,,,,,,,,,,,,,,,,,,,,
17,SoundHorizon Aramary lost 神作 第三地平线 revo 永远的少年 SH REVO神 2002 同人音乐 SoundHorizon~ 同人 Sound_Horizon JIMANG 专辑 物语音乐 CANAAN 少年 伪中庸 2002年 021230 物語音楽 あらまり Sound.Horizon ~~ 同人音樂 怨念物 J禁 SHK,8.608,401,"['88', '139', '113', '51', '10', '0', '0', '0', '0', '0']",Lost,2002-12-30,1,Sound Horizon、Aramary、Jimang,,,,,,,,,,,,Yokoyan,Revo,,,,,,,,,,,,,,,,,,,,
102901,OST 增田俊郎 虫师 2014 増田俊郎 蟲師 虫师续章 动画相关 动漫原声带 治愈 2014年,8.790,81,"['27', '26', '19', '7', '1', '0', '0', '0', '0', '1']",蟲音 続,2014-06-25,1,,"￥ 3,240",増田俊郎,,Aniplex,増田俊郎,,,アニプレックス、Aniplex,,アニプレックス,,,,,,,,,,,,,,,,,,,,,,,
7733,EVA OP 新世紀エヴァンゲリオン ED 高桥洋子 1995 高橋洋子 Claire ACG 动漫主题曲 anime 动画 8cm single OP_ED キングレコード 佐藤英敏 动画歌曲 OPED アニメ アニソン 日本 一心二用 先上车后补票 神曲 ROBO 无 Bart_Howard 大森俊之 世界神曲,8.610,313,"['58', '131', '83', '33', '5', '2', '0', '0', '0', '1']",残酷な天使のテーゼ / FLY ME TO THE MOON,1995-10-25,1,Claire 高橋洋子,￥ 918,Bart Howard、佐藤英敏,9 分,キングレコード,大森俊之,Bart Howard、及川眠子,Single,キングレコード,,キングレコード,,,,,,,,,,,,,,,,,,,,,,,
296,SoundHorizon Roman 商业化 美丽之物 REVO国王 SH Sound_Horizon二期 revo 双子人偶 2006 CV Sound_Horizon 增加歌姬 album 物语音乐 专辑 2006年 Sound.Horizon 伪中庸 kaori 文字的传说 Remi 商业 Sound·Horizon 第五地平线 美しきもの 物語音楽 已购入 LP 061122,8.582,638,"['139', '212', '204', '57', '22', '1', '1', '1', '1', '0']",Roman,2006-11-22,1,Sound Horizon、Jimang,,,73m,,,,,"KINGRECORDS.CO.,LTD(K)(M)",,"KINGRECORDS.CO.,LTD(K)(M)",,Yokoyan,Revo,,,,,,,,,,,,,,,,,,,,
193999,三輪学 OST 2016 缘之空 Team.ねこかん【猫】　eufonius Collection 2016年,8.877,57,"['15', '25', '12', '5', '0', '0', '0', '0', '0', '0']",ヨスガノソラ オリジナルサウンドトラック／オープニング主題歌＆番組挿入歌アルバム,2016/9/21,1,eufonius、天乙准花,"￥ 2,700",Bruno Wen-li(市川淳)、三輪学、菊地創、nyanyannya,1:52:19,キングレコード,Bruno Wen-li(市川淳)、菊地創、nyanyannya、中島ノブユキ,riya、nyanyannya,CD,,,,缘之空 原声带&歌曲集,,,,,,,,,,,,,,,,,,,,,,
